Price,Close,High,Low,Open,Volume
Ticker,BAJAJ-AUTO.NS,BAJAJ-AUTO.NS,BAJAJ-AUTO.NS,BAJAJ-AUTO.NS,BAJAJ-AUTO.NS
Date,,,,,
2023-07-03,4398.53271484375,4472.32425014649,4376.97235545729,4469.653253047603,457367
2023-07-04,4412.6044921875,4459.731710503304,4399.773550232702,4399.773550232702,286373
2023-07-05,4665.0791015625,4674.5715300781185,4419.855081398352,4434.117480863029,891033
2023-07-06,4691.45703125,4710.822925398031,4609.699549518689,4665.031208018706,888595
2023-07-07,4611.60791015625,4687.116457060787,4598.776501985735,4651.198669004302,405959
2023-07-10,4672.61572265625,4723.224924788172,4622.149060662505,4625.9175237927375,659388
2023-07-11,4691.4091796875,4726.5164434572325,4679.341247004993,4711.300050628779,400593
2023-07-12,4654.01318359375,4719.886296667442,4643.089763694885,4702.237403996731,295827
2023-07-13,4642.564453125,4760.430229699724,4626.728058996988,4694.604641353175,501038
2023-07-14,4636.0302734375,4680.581522759837,4626.8718360212615,4669.754061323336,419873
2023-07-17,4610.796875,4680.676948640995,4599.301431465227,4659.260058803964,250127
2023-07-18,4636.98388671875,4765.296095136061,4607.791573647681,4622.625995803152,270028
2023-07-19,4601.73388671875,4683.300388284977,4596.534897980739,4656.445545552689,247325
2023-07-20,4644.71142578125,4664.077320371337,4562.047461429567,4605.883678206753,450566
2023-07-21,4638.98779296875,4654.91921665364,4612.800465793604,4619.335419241613,367833
2023-07-24,4658.11474609375,4692.697032622018,4627.968439018725,4638.319368287914,288534
2023-07-25,4625.8701171875,4684.015781104557,4557.564042925088,4659.784422872622,743269
2023-07-26,4646.380859375,4677.910178790662,4618.238032766592,4665.031258139357,387130
2023-07-27,4627.8251953125,4682.202856852969,4602.353367527105,4673.6169102939475,321326
2023-07-28,4667.41650390625,4674.571460222918,4607.4578768090805,4631.641722322912,255158
2023-07-31,4704.52685546875,4711.204814798844,4642.183241987877,4670.278557210763,325463
2023-08-01,4697.41943359375,4749.602631357425,4673.760100430484,4714.400342241614,391794
2023-08-02,4609.79541015625,4710.775788144911,4599.444480050355,4687.354951333143,249850
2023-08-03,4604.26171875,4687.593199810735,4584.89582408884,4614.469642346591,418377
2023-08-04,4495.22021484375,4640.418303696025,4483.77228560391,4607.791519035508,451353
2023-08-07,4455.248046875,4525.318635717142,4450.3825836843325,4525.318635717142,436583
2023-08-08,4436.2158203125,4481.864533726914,4423.766382934686,4455.248190004288,487053
2023-08-09,4451.86083984375,4474.041201965332,4403.7321185155415,4436.549421351302,282034
2023-08-10,4423.28955078125,4491.786147238402,4415.8481166150505,4455.15286353684,330123
2023-08-11,4387.46630859375,4436.0724935326525,4370.819391307399,4423.289065962086,274197
2023-08-14,4404.30517578125,4420.52307705721,4332.087629066605,4365.477425811227,154258
2023-08-16,4388.9453125,4402.682734260317,4349.974560681144,4366.4309587669495,188763
2023-08-17,4443.5615234375,4453.6739540873605,4365.524526363517,4365.524526363517,311184
2023-08-18,4403.20751953125,4435.643320681531,4383.8891379638035,4435.643320681531,243546
2023-08-21,4398.7236328125,4416.945012638376,4381.5037604290565,4391.23468623018,118491
2023-08-22,4415.466796875,4423.241756678793,4389.947451246158,4405.497836671239,96290
2023-08-23,4446.328125,4451.670585271787,4406.498870219385,4426.532746875503,263771
2023-08-24,4417.1357421875,4509.625657624175,4363.998549667542,4473.278388812626,433867
2023-08-25,4373.15673828125,4433.115364338499,4359.514808134396,4411.26899126067,293384
2023-08-28,4388.80224609375,4407.452644007115,4375.016845328275,4375.4938423676695,283469
2023-08-29,4449.95361328125,4456.107062411193,4393.190956416881,4402.683385362375,320941
2023-08-30,4459.9228515625,4503.615599267929,4447.139422541838,4473.231256879714,370694
2023-08-31,4401.5380859375,4486.682065043574,4390.47212629309,4459.922715080079,479472
2023-09-01,4453.67431640625,4482.81865228126,4406.499117873407,4409.742604922247,456071
2023-09-04,4423.81396484375,4473.660160142776,4409.742550859814,4467.5546906284935,328037
2023-09-05,4485.298828125,4517.162138430058,4422.096717951612,4425.5787033108845,353620
2023-09-06,4468.31787109375,4493.312705591977,4452.004942842083,4485.203754849401,224928
2023-09-07,4500.18115234375,4507.6221199926385,4440.842533029784,4463.738391417049,319934
2023-09-08,4540.5830078125,4564.480842536828,4486.348809007672,4500.1817252108885,209769
2023-09-11,4585.27734375,4588.711815819301,4543.874091215661,4559.137997463708,151600
2023-09-12,4598.82421875,4626.7285471890755,4543.492558939184,4621.100074958016,305478
2023-09-13,4587.08984375,4620.193626783441,4579.410377238739,4598.25176153132,207142
2023-09-14,4621.62451171875,4634.503432331446,4567.294360288588,4593.434171815716,249498
2023-09-15,4894.46728515625,4912.1161780079,4667.893660709391,4669.706156541469,1689829
2023-09-18,4938.49365234375,5032.223576231995,4859.884628678828,4888.265954232776,804973
2023-09-20,4944.50390625,5021.2049387160905,4928.429012503699,4937.873460928929,622924
2023-09-21,4851.25146484375,4946.984409620578,4839.708041925269,4930.241997831867,640829
2023-09-22,4770.97216796875,4850.249173509035,4766.345669082065,4818.624361193694,498375
2023-09-25,4775.17041015625,4827.3536129188005,4763.149990184926,4769.970955487778,539731
2023-09-26,4835.98779296875,4868.185098603595,4770.114211134958,4780.46514181366,450923
2023-09-27,4801.40478515625,4834.4126083157935,4787.142387054375,4832.171094837897,257406
2023-09-28,4776.267578125,4892.893372084282,4751.034244556915,4815.571860688676,580065
2023-09-29,4830.740234375,4848.675137587944,4774.645100366054,4797.636451929124,248079
2023-10-03,4785.6640625,4839.612244480805,4767.204182833317,4831.9802914045495,464531
2023-10-04,4692.31591796875,4788.287826684518,4677.481028817849,4780.7033865440035,256544
2023-10-05,4780.51220703125,4807.462541813855,4698.516689191995,4707.96113812931,657876
2023-10-06,4783.8994140625,4884.450309696266,4767.586020059979,4884.450309696266,279352
2023-10-09,4776.9345703125,4835.5101819291,4728.99636578688,4728.99636578688,244083
2023-10-10,4805.7451171875,4831.0259599875935,4772.069312916607,4776.934310009107,307502
2023-10-11,4831.408203125,4860.600519230293,4817.670779610005,4822.440750678927,575680
2023-10-12,4871.666015625,4914.023257470585,4818.719346863669,4851.059651376029,472168
2023-10-13,4819.9599609375,4887.741524935114,4808.130526614876,4855.782720839559,387366
2023-10-16,4843.14208984375,4864.797476673896,4800.498366753287,4803.360349086407,158560
2023-10-17,4904.72265625,4913.070105458303,4836.7505698395335,4849.152494377583,318565
2023-10-18,4901.001953125,4959.577100932366,4889.840035212365,4913.0698859921495,360985
2023-10-19,5230.36865234375,5242.198087165852,5003.6995390691345,5056.169219650412,2838352
2023-10-20,5236.76025390625,5256.508120468034,5186.7710502435175,5199.268467613572,763919
2023-10-23,5156.7197265625,5240.671209179121,5146.845794250352,5202.177453247671,451167
2023-10-25,5101.29296875,5174.416996395595,5086.98305583579,5137.258736201372,620266
2023-10-26,5017.38916015625,5101.4361368323525,4995.113303882436,5088.461723399038,746266
2023-10-27,5126.3349609375,5174.178139117656,5022.779084654926,5022.779084654926,843465
2023-10-30,5064.65966796875,5149.422145011505,5032.3193580539455,5140.120701648277,360967
2023-10-31,5069.572265625,5119.275452426429,5049.109371247253,5094.328599358974,400987
2023-11-01,5098.478515625,5198.790903141451,5060.938754227984,5060.938754227984,619765
2023-11-02,5073.72265625,5144.747710712866,5041.859343157778,5136.209276302381,304362
2023-11-03,5121.947265625,5129.674245869132,5072.005576879269,5110.546848787834,448715
2023-11-06,5158.103515625,5177.803402241569,5129.722188823215,5132.488678776534,394137
2023-11-07,5169.69384765625,5194.497693391452,5156.623942614966,5158.10291290886,202689
2023-11-08,5149.279296875,5185.197086107333,5133.68139820893,5184.004593331907,202145
2023-11-09,5169.5986328125,5204.037913635427,5134.539348976367,5172.365122591183,232773
2023-11-10,5143.984375,5177.374172877699,5102.962623321685,5161.061244282874,149325
2023-11-13,5175.60888671875,5189.53682768011,5147.322589496755,5184.95784240753,93497
2023-11-15,5281.9794921875,5299.43739846031,5209.857442710131,5270.817574526231,640468
2023-11-16,5295.52587890625,5326.435195297079,5244.058175512289,5266.047553698491,324712
2023-11-17,5372.41796875,5413.869200223421,5227.267854340852,5301.249913148661,531539
2023-11-20,5390.2099609375,5414.8232895321225,5348.091212320055,5351.954702305933,679425
2023-11-21,5424.36328125,5444.778663113786,5380.527063263977,5381.004060344054,746193
2023-11-22,5486.94482421875,5499.680739185195,5400.846852854204,5418.686729646748,497403
2023-11-23,5652.65380859375,5671.495192960609,5517.04363402312,5533.166041912788,1118718
2023-11-24,5657.4716796875,5685.805494063771,5628.565841438968,5666.7256098555035,297211
2023-11-28,5722.19970703125,5761.790462798958,5640.013207197434,5695.153880710785,380535
2023-11-29,5790.69677734375,5815.9296422502575,5698.492873273268,5733.5046436973635,406974
2023-11-30,5810.3486328125,5846.93440004713,5753.53846996251,5814.594092923479,501833
2023-12-01,5767.89599609375,5809.8242242360275,5727.112747229039,5771.664459216415,439023
2023-12-04,5916.3857421875,5931.649648679876,5807.391909890377,5810.348919119308,359158
2023-12-05,5857.61962890625,5909.0873342944105,5829.953798294934,5909.0873342944105,565826
2023-12-06,5790.69677734375,5815.54813776691,5712.373767167358,5808.917692326174,699201
2023-12-07,5813.2587890625,5871.309425688878,5784.161967770502,5790.696920797933,427407
2023-12-08,5796.1826171875,5838.444372972058,5769.804305495504,5833.674402079107,233266
2023-12-11,5855.99755859375,5862.294013105735,5741.422768770536,5805.054364483059,175955
2023-12-12,5966.47021484375,6010.115445857251,5867.016327780197,5880.419758846438,810900
2023-12-13,6025.52294921875,6037.829381417915,5937.993980069581,5971.90828805597,373989
2023-12-14,6043.41015625,6067.403016840205,5995.090443941332,6034.013220363883,419212
2023-12-15,5986.50390625,6107.565663236029,5968.330039325751,6075.940852282442,553522
2023-12-18,6168.240234375,6188.3216251412005,5974.054443372981,5986.504346667072,851061
2023-12-19,6123.6884765625,6172.580676971259,6101.651118434279,6172.34217843268,377109
2023-12-20,6071.64794921875,6168.5258639565445,6057.862548116927,6137.998052690443,385863
2023-12-21,5958.98193359375,6053.093370933417,5945.292023271403,6041.836425380664,397717
2023-12-22,6078.9462890625,6100.792662195219,5976.057925591305,5998.715286924713,237213
2023-12-26,6167.142578125,6177.112003128843,6076.99013267393,6086.33955465562,302139
2023-12-27,6400.96728515625,6430.159601725825,6167.763675378265,6172.342661350261,1017894
2023-12-28,6394.90869140625,6428.632477202901,6359.324896538975,6400.966647319969,406228
2023-12-29,6484.53662109375,6519.54839210485,6359.3248911266965,6420.3330022642895,345626
2024-01-01,6392.810546875,6482.867505065815,6374.63667810168,6458.540653269894,253274
2024-01-02,6358.41845703125,6426.867536582185,6259.108039702602,6402.254674095031,361379
2024-01-03,6665.080078125,6735.055641657125,6300.177318533958,6338.38459762298,1256275
2024-01-04,6603.69091796875,6705.5777789388285,6570.158114699593,6701.809315487823,619987
2024-01-05,6657.44775390625,6758.094130353496,6602.116096712503,6630.25892235415,659306
2024-01-08,6662.5517578125,6725.5153681229785,6641.229896612056,6696.0370437320125,312733
2024-01-09,6767.53857421875,7058.602263911411,6750.366680618209,7003.270606754111,2125908
2024-01-10,6729.236328125,6811.47081131314,6697.039025119617,6797.208412247474,721432
2024-01-11,6963.060546875,6987.911909054856,6749.508855505854,6763.818768273711,1031594
2024-01-12,6966.01806640625,7022.303723651873,6918.365870258601,7021.397242843809,434753
2024-01-15,6966.01806640625,6966.01806640625,6966.01806640625,6966.01806640625,0
2024-01-16,6958.38623046875,7017.724390636554,6910.734033515843,7001.363483154717,272181
2024-01-17,6836.2744140625,6878.297669111997,6755.232426488495,6784.806244483289,619338
2024-01-18,6757.712890625,6858.502276970773,6745.835477417849,6819.150019235259,557084
2024-01-19,6808.2265625,6849.67779341246,6778.128234289071,6810.373049273702,327976
2024-01-23,6769.44677734375,6878.29759950918,6617.427721284036,6749.508393415735,953921
2024-01-24,6881.01708984375,6904.055956379933,6704.862155738272,6749.604390107487,467134
2024-01-25,7247.97021484375,7274.348058691179,6878.297499048824,7021.396614840408,2065788
2024-01-29,7201.5107421875,7288.515193653378,7135.876132006188,7244.6314634298105,457853
2024-01-30,7218.30126953125,7307.595215458041,7196.59790254017,7226.4102198356095,266287
2024-01-31,7314.79736328125,7332.398740965343,7169.361240474006,7218.300952066824,336874
2024-02-01,7303.541015625,7407.764880818747,7285.033621513816,7326.675374718348,394564
2024-02-02,7382.197265625,7438.768928927448,7312.937201414366,7321.904652711531,197720
2024-02-05,7305.92578125,7477.40623163745,7282.314425772452,7441.1544535305065,252401
2024-02-06,7365.21630859375,7391.26062825934,7317.70758646942,7321.905067546607,131992
2024-02-07,7347.56787109375,7419.975938057901,7312.938067794477,7388.685114474659,159783
2024-02-08,7400.37158203125,7425.366416648452,7315.3706047968535,7373.421245611465,282537
2024-02-09,7426.70166015625,7432.091634091481,7316.181341614475,7420.929715896337,173555
2024-02-12,7469.7265625,7511.940802967136,7408.765964629091,7417.304398462983,219911
2024-02-13,7553.1533203125,7570.086716767043,7452.554914950496,7469.774323327989,258767
2024-02-14,7711.4208984375,7762.507565800401,7517.474069741832,7535.599958996286,513900
2024-02-15,7749.341796875,7781.587077815935,7675.168753597665,7747.004790757371,394525
2024-02-16,7942.048828125,8066.450038189497,7762.745906761876,7809.253121668037,938756
2024-02-19,8118.2041015625,8252.04929278203,7976.440013690531,8013.550758308562,1044959
2024-02-20,7913.572265625,8113.72004706694,7859.671597469882,8113.72004706694,547082
2024-02-21,7853.51806640625,7991.465243013113,7827.521726728814,7918.151167806113,439817
2024-02-22,8107.4716796875,8156.649891242808,7841.831825265015,7879.991590838082,548486
2024-02-23,8048.8017578125,8138.524728289587,8014.552992502828,8106.565921772449,340749
2024-02-26,8059.3427734375,8154.69467735505,7989.701198809074,8069.645724178828,345968
2024-02-27,8074.1298828125,8099.41072902205,7997.810347085555,8070.790903124446,392445
2024-02-28,7811.92431640625,8096.215046681448,7700.497982972624,8080.33067099653,537728
2024-02-29,7545.4736328125,7768.851267187786,7527.013753068291,7629.47263038383,1042536
2024-03-01,7670.16064453125,7721.628816358924,7579.7696968724895,7589.023626653724,399007
2024-03-04,7829.71630859375,7846.602192039171,7676.457235538267,7697.540600245114,410053
2024-03-05,7967.5205078125,8002.102795166432,7784.639646016588,7784.639646016588,615117
2024-03-06,8209.8828125,8281.766831933397,7979.2072093458955,7984.6451624224355,959543
2024-03-07,8470.5615234375,8560.045987875625,8108.997742627533,8240.601421204474,1243547
2024-03-11,8261.0166015625,8609.796460020303,8232.968803321355,8608.317955542503,631957
2024-03-12,8135.37646484375,8299.701964565189,8085.339283100855,8239.600330414532,324864
2024-03-13,7999.14599609375,8220.758652892511,7915.242023486485,8135.376175665847,430048
2024-03-14,7997.857421875,8013.550811875238,7824.7074846898395,7947.248218848413,392634
2024-03-15,7966.51904296875,8044.17360690333,7736.892467381746,7999.0498704550755,676870
2024-03-18,8129.7470703125,8153.931380725745,7912.61837685236,7959.173104525239,367524
2024-03-19,8242.7001953125,8288.205901237243,8054.142884534893,8108.9500331447125,673456
2024-03-20,8238.3115234375,8379.884628198091,8168.09792652915,8242.509470358778,790885
2024-03-21,8348.0205078125,8366.528366248116,8190.039455443567,8212.172305179545,720691
2024-03-22,8533.7158203125,8633.646703426748,8282.576870624423,8299.796277998757,851210
2024-03-26,8548.3125,8605.027641235132,8443.850135619152,8533.716575139531,534067
2024-03-27,8740.970703125,8860.5059742716,8516.019086800194,8546.83290906378,1034030
2024-03-28,8727.2822265625,8818.340225695289,8566.915245994436,8740.97167038547,847202
2024-04-01,8626.1591796875,8787.812754408695,8598.444902382778,8771.785837894202,419820
2024-04-02,8849.3447265625,8927.429706406832,8719.029498850688,8729.046437385392,803845
2024-04-03,8662.6953125,8823.443307231557,8648.146903481269,8823.443307231557,453210
2024-04-04,8725.3740234375,8759.335842740573,8574.546988377666,8718.552592567441,617929
2024-04-05,8595.0107421875,8709.967043251221,8586.42479439021,8709.967043251221,356305
2024-04-08,8615.0439453125,8671.806595746706,8539.487424289908,8632.692836623975,376197
2024-04-09,8565.818359375,8712.542471832692,8525.273608410445,8671.806735713088,237944
2024-04-10,8591.2421875,8633.456430388202,8491.835806620453,8619.146517544743,319824
2024-04-12,8647.8134765625,8699.472632311063,8519.167738407477,8537.341140593,480474
2024-04-15,8583.1328125,8755.47222697746,8533.477603715368,8642.327962708574,386707
2024-04-16,8508.8173828125,8614.042752308715,8379.979726226928,8536.339741668044,487529
2024-04-18,8606.267578125,8709.012938454793,8538.247978877247,8555.32484748898,819240
2024-04-19,8399.44140625,8671.806733240104,8299.796531992664,8657.54433451907,1385007
2024-04-22,8391.09375,8475.283730779069,8342.678548588807,8475.283730779069,323734
2024-04-23,8391.1416015625,8453.819203868057,8357.942791298094,8438.078300311794,295346
2024-04-24,8296.982421875,8460.974394301262,8280.669494028069,8414.133652651462,319824
2024-04-25,8333.0439453125,8366.528767612144,8243.845491518687,8296.887194061896,524667
2024-04-26,8561.4296875,8581.130039750657,8332.709585402898,8344.873011061869,521344
2024-04-29,8357.083984375,8576.216632295982,8327.415138241106,8561.42972261071,299443
2024-04-30,8494.0302734375,8553.511435245682,8390.378437763304,8394.576384621489,360403
2024-05-02,8691.5068359375,8725.65963884681,8420.047065847906,8532.523344394534,638239
2024-05-03,8686.689453125,8832.650569728428,8647.337191295645,8748.127053944097,396042
2024-05-06,8636.0791015625,8763.15130197908,8405.212529417717,8700.426189919082,458431
2024-05-07,8278.666015625,8657.449197802114,8244.941764220895,8638.560300395604,588285
2024-05-08,8346.876953125,8381.172298185302,8197.480907310457,8253.003554261419,451581
2024-05-09,8439.8427734375,8593.054792911424,8382.126127361378,8395.148520163097,645689
2024-05-10,8568.5849609375,8631.692050228636,8496.749383654858,8538.248131556838,482797
2024-05-13,8578.6005859375,8609.79637797747,8462.404295938963,8607.793363108545,435605
2024-05-14,8648.1953125,8670.852673154353,8474.091383261286,8540.39397549192,408162
2024-05-15,8493.5537109375,8705.196948477464,8468.939915627272,8651.77327405393,274392
2024-05-16,8463.6923828125,8543.541877190508,8309.28880674412,8538.247396137758,680474
2024-05-17,8376.736328125,8546.212824001932,8362.23543122195,8481.961692886243,323961
2024-05-21,8414.896484375,8452.38826858474,8371.298764879355,8371.298764879355,417798
2024-05-22,8400.443359375,8442.848587477514,8334.093249740516,8442.848587477514,302838
2024-05-23,8551.0791015625,8571.637489291636,8348.593842007447,8442.84827826722,731514
2024-05-24,8536.53125,8608.843825415746,8462.023742574313,8566.868079813099,455920
2024-05-27,8584.70703125,8652.202114904117,8473.089719765452,8587.855025503357,301747
2024-05-28,8576.1689453125,8607.173755315298,8506.002861617766,8584.707379317177,259094
2024-05-29,8652.91796875,8718.98206396651,8493.171461209953,8538.247685021941,339934
2024-05-30,8555.896484375,8708.91751779651,8516.877751213602,8650.81890174639,305109
2024-05-31,8666.7978515625,8705.673110920343,8512.489306749463,8576.406911092421,560005
2024-06-03,8905.96484375,9009.520722054425,8702.859117249638,8757.666267308305,438422
2024-06-04,8821.345703125,8941.643996830993,8402.780755738502,8802.504318028969,738601
2024-06-05,9160.490234375,9233.709284648456,8753.85023204197,8815.859851166068,489543
2024-06-06,9255.126953125,9291.903242155828,9019.060908761929,9153.860099038291,570095
2024-06-07,9278.1181640625,9291.998593433145,9172.654290913622,9199.9381525519,246783
2024-06-10,9285.271484375,9467.436832241307,9236.093278047583,9329.10769674403,201452
2024-06-11,9361.2578125,9444.541308621789,9253.83752105942,9291.902257169315,457442
2024-06-12,9448.5966796875,9486.517947629805,9345.040799721724,9400.658473043453,277175
2024-06-13,9466.865234375,9482.701163462862,9373.230342687473,9448.357376552936,277783
2024-06-14,9580.6884765625,9612.66658200037,9437.676430717838,9450.131249098113,320933
2024-06-18,9538.8046875,9654.791065730256,9528.994674700876,9542.459140329238,206100
2024-06-19,9315.2939453125,9567.464333004411,9300.09852233139,9559.289479080955,279789
2024-06-20,9263.5517578125,9363.4776969956,9199.114676440673,9321.256606802195,324597
2024-06-21,9234.9404296875,9356.794032347367,9204.981617764943,9304.907564084102,334018
2024-06-24,9372.470703125,9385.646832951685,9146.748355870273,9213.541913849054,283754
2024-06-25,9290.43359375,9449.16984177483,9276.055279788116,9381.847512113329,282048
2024-06-26,9112.2216796875,9290.769546457917,9080.339373144334,9290.385410966956,431217
2024-06-27,9057.208984375,9198.77840113175,9007.390652801767,9198.77840113175,637626
2024-06-28,9138.1884765625,9159.394821020782,9023.355449788225,9102.940055130224,237516
2024-07-01,9167.7626953125,9323.132823733216,9141.41043683457,9141.41043683457,289355
2024-07-02,9041.62890625,9167.762469652844,9022.249317966822,9155.836424677569,287884
2024-07-03,9061.9697265625,9189.449165722717,9025.614920873204,9111.595520274677,318120
2024-07-04,9098.94921875,9135.640264618478,9059.998441750628,9117.271261518707,234656
2024-07-05,9267.20703125,9290.481510245352,9130.158002760356,9157.760345813276,608628
2024-07-08,9164.876953125,9296.395923046008,9107.748776248178,9271.245850373012,316215
2024-07-09,9169.396484375,9199.114857873434,9118.52060503625,9199.114857873434,262913
2024-07-10,9177.4287109375,9280.86447902562,9090.390551833685,9184.68971758494,239607
2024-07-11,9104.6708984375,9203.44255293711,9024.07664707758,9177.42747132265,294900
2024-07-12,9070.0009765625,9188.872601590625,9051.968209464385,9136.5540968406,171581
2024-07-15,9303.3193359375,9365.977558096454,9044.225135981274,9069.999779844753,504086
2024-07-16,9346.5986328125,9530.870021119212,9265.139369255512,9343.377154303986,1041123
2024-07-18,9257.974609375,9372.230032395513,8936.077511134214,9372.230032395513,1055384
2024-07-19,9027.009765625,9304.906888391442,8982.721481920007,9266.436989111271,380782
2024-07-22,9049.755859375,9074.087883877311,8908.85984718761,8992.33934438292,247040
2024-07-23,9023.595703125,9144.295011490807,8410.096611852363,9074.087445668465,431989
2024-07-24,8905.974609375,9014.171205822435,8896.16459678912,9001.956824426612,283213
2024-07-25,8923.333984375,8953.821568794838,8820.186562196872,8905.782092023012,262328
2024-07-26,9129.7734375,9141.410206846605,8913.909018104061,8962.525167554288,250956
2024-07-29,9192.046875,9253.021106332177,9145.257480867032,9183.919920336373,302363
2024-07-30,9198.4892578125,9284.71029623151,9148.14215224302,9185.314068525318,301885
2024-07-31,9294.5205078125,9309.715930684497,9213.589078868814,9232.77612960446,315292
2024-08-01,9358.2841796875,9467.442522464802,9292.404475015737,9467.442522464802,308658
2024-08-02,9248.3564453125,9357.803122355474,9215.224056282586,9343.184372596406,230615
2024-08-05,9122.22265625,9155.835918181687,9010.90038655152,9036.771769187812,310757
2024-08-06,9066.779296875,9252.011500718174,9040.427038123787,9151.268444096528,246541
2024-08-07,9336.8369140625,9352.99408360985,9134.196535638515,9203.92322675026,270583
2024-08-08,9272.4970703125,9403.679820365027,9242.539195701438,9362.613009462162,365016
2024-08-09,9392.37890625,9401.08253395162,9246.241174568886,9387.618067918338,161640
2024-08-12,9339.3857421875,9377.952382144162,9247.202615972992,9368.382806260313,307698
2024-08-13,9301.6376953125,9415.364348802634,9280.86432287349,9328.951702784752,161706
2024-08-14,9376.654296875,9410.700538583817,9301.63798190213,9332.798980727373,282934
2024-08-16,9509.904296875,9545.344317980032,9323.132737088927,9413.584905228066,240190
2024-08-19,9396.8994140625,9563.617982186366,9385.983015452259,9547.220373708677,148301
2024-08-20,9405.6025390625,9498.84415025534,9381.895086684512,9398.389432562899,132844
2024-08-21,9475.13671875,9491.486426851781,9362.612257108329,9405.024947736789,134985
2024-08-22,9534.95703125,9628.05399925001,9464.652727106251,9521.300029225362,388874
2024-08-23,10008.3779296875,10044.82759812699,9550.15312393108,9588.623025739464,1229549
2024-08-26,10033.4794921875,10114.84390068997,9944.133705847375,9978.22690607177,309223
2024-08-27,10099.8876953125,10164.181082553416,9954.087142416362,10003.13626746595,262396
2024-08-28,10249.103515625,10305.125312118786,10061.129763410963,10098.349582570905,338792
2024-08-29,10394.421875,10434.959905985577,10151.629480902891,10177.259487101988,693506
2024-08-30,10474.9208984375,10503.580786377057,10295.50708839556,10420.534264620821,498560
2024-09-02,10700.4990234375,10727.42795479488,10494.733886805921,10508.053714669706,787108
2024-09-03,10621.203125,10693.382086836224,10593.648683517767,10681.119806244771,217394
2024-09-04,10544.3115234375,10607.93055866669,10491.607946930038,10590.76374103498,324246
2024-09-05,10440.4912109375,10594.46662162347,10411.446246404534,10544.60038566831,297298
2024-09-06,10415.8212890625,10496.46438096464,10383.266511666974,10440.490488274054,216847
2024-09-09,10432.6513671875,10485.355879339355,10367.637614600437,10415.820786644317,193055
2024-09-10,10567.44140625,10613.557388082776,10367.686256739726,10380.526149769112,466892
2024-09-11,10983.8779296875,11061.346504163577,10566.33487045311,10644.381056962005,1283385
2024-09-12,11275.0478515625,11328.665279610832,11005.613889014558,11041.583624500037,1409151
2024-09-13,11288.1748046875,11438.97662163168,11241.28961506191,11275.046575909726,417878
2024-09-16,11241.2412109375,11302.264278712339,11194.788993723028,11285.145360756696,172602
2024-09-17,11493.1708984375,11514.858116602367,11197.721880214958,11233.210738453132,444755
2024-09-18,11314.623046875,11592.904308972473,11290.91559543196,11387.57121871483,446416
2024-09-19,11414.01953125,11579.680541045906,11359.392460128134,11359.392460128134,500633
2024-09-20,11484.900390625,11555.396295037226,11414.259848404125,11468.839019418969,772831
2024-09-23,11866.955078125,11906.434627072156,11540.970559359117,11540.970559359117,735579
2024-09-24,11967.650390625,12000.205169821016,11762.701422237176,11762.701422237176,503848
2024-09-25,11923.025390625,11955.196035569024,11839.112912830971,11916.052720550424,262012
2024-09-26,12138.8408203125,12191.59229548836,11917.061281255921,11983.373959829998,641805
2024-09-27,12181.87890625,12285.362561538223,12071.469541915876,12138.840705637127,480852
2024-09-30,11873.6875,12167.213043741096,11811.847319609487,12073.393817709944,479000
2024-10-01,11692.3974609375,12021.843882862144,11648.781647806543,11939.374033825708,670828
2024-10-03,11354.82421875,11559.098828895116,11252.446007193665,11283.2219278971,670365
2024-10-04,11324.0,11491.247324663063,11193.779014423671,11215.129996501613,650553
2024-10-07,11172.6689453125,11364.970551601193,11084.140273098395,11324.000482543344,341323
2024-10-08,11434.3115234375,11480.234965345046,11119.916837546201,11141.844492123579,359432
2024-10-09,11366.0283203125,11530.198814582633,11350.54456047373,11487.11271227743,193883
2024-10-10,11379.396484375,11570.736338423749,11351.601605785143,11369.298135567873,251378
2024-10-11,11422.6279296875,11474.273961768053,11257.831920904833,11435.17854756912,200855
2024-10-14,11444.1220703125,11531.448557236961,11407.864000988042,11472.493622136182,177045
2024-10-15,11080.7734375,11492.882226977825,11028.358200565248,11492.882226977825,476945
2024-10-16,11172.5732421875,11233.211236577883,10945.793360715026,11096.547287199066,504602
2024-10-17,9732.35546875,10855.579757621565,9685.758616726356,10792.922474468895,3668914
2024-10-18,9678.9794921875,9760.871732956597,9464.653486071564,9665.129951715431,1543331
2024-10-21,10098.830078125,10415.581255818915,9503.412549768094,9678.065527943609,2110278
2024-10-22,9971.7353515625,10208.90287321759,9925.235230790822,10098.830672569673,1191148
2024-10-23,10181.78125,10324.456128615175,9946.826502721955,9971.398965688242,1323887
2024-10-24,9908.4033203125,10188.223934850714,9819.441679241992,10102.19543572555,653421
2024-10-25,9815.69140625,9971.591249405876,9545.344542546267,9905.999877906957,644769
2024-10-28,9628.294921875,9899.026850506072,9603.049049311712,9815.691051676438,340768
2024-10-29,9474.0302734375,9688.596710750882,9271.246182564757,9688.596710750882,1100706
2024-10-30,9560.396484375,9673.016750635068,9396.27388369214,9444.36126283079,604822
2024-10-31,9460.037109375,9647.193743579823,9429.934599311324,9559.770516792918,361801
2024-11-01,9498.169921875,9569.387132745236,9462.440628405318,9526.108497471514,53757
2024-11-04,9161.173828125,9517.934255660892,9006.765452863563,9517.934255660892,1125992
2024-11-05,9497.1123046875,9624.495954000638,9136.794152919503,9165.454041724925,1019901
2024-11-06,9637.19140625,9669.409949447383,9472.059162677617,9505.336191712902,514045
2024-11-07,9479.609375,9694.222777498748,9415.460625501884,9685.374512187525,473407
2024-11-08,9531.3037109375,9608.868090704236,9403.24664338679,9479.609777870222,273163
2024-11-11,9539.91015625,9649.117341595416,9425.125962178956,9473.261239073052,359768
2024-11-12,9308.4658203125,9616.513360170211,9292.404449041362,9521.30035660417,316606
2024-11-13,9090.58203125,9338.568249081878,9055.910282420356,9308.46574009556,494123
2024-11-14,9120.2041015625,9152.903518206742,9040.426954584713,9050.044430068314,275791
2024-11-18,9152.4697265625,9235.660882065853,9074.904418031974,9097.217147002499,292519
2024-11-19,9180.5537109375,9327.60434676838,9137.034634607833,9194.306512963902,365397
2024-11-21,9141.4111328125,9188.536766216794,9054.228335331893,9111.116082766883,282212
2024-11-22,9118.9541015625,9235.565992874976,9082.83972942375,9179.880433629512,619823
2024-11-25,9060.576171875,9267.736039832012,9032.733391223206,9194.306986807267,1090141
2024-11-26,8787.919921875,9121.213331681762,8771.233039149818,9102.940129098259,750430
2024-11-27,8838.796875,8902.849830097273,8754.788595969065,8824.034424696933,461513
2024-11-28,8668.7119140625,8917.708741129274,8648.274777747658,8814.512473218909,687966
2024-11-29,8688.0908203125,8743.150865582691,8648.995408119252,8712.566543220202,423101
2024-12-02,8781.0908203125,8824.033221426907,8710.499118065005,8731.512925040503,298320
2024-12-03,8811.337890625,8872.168418846855,8756.710821501856,8756.710821501856,398985
2024-12-04,8654.9111328125,8886.547662376981,8608.602611032074,8811.338813583505,456462
2024-12-05,8551.810546875,8698.188698677517,8411.92419045184,8698.188698677517,1803653
2024-12-06,8751.806640625,8798.98016868116,8588.501160220176,8611.39150258155,746013
2024-12-09,8730.21484375,8820.18613259656,8681.117822773394,8748.055071649582,304202
2024-12-10,8668.5185546875,8746.997714218476,8636.49255077593,8727.954362351531,393944
2024-12-11,8722.9052734375,8759.981391294314,8668.855814768336,8699.054123042988,254311
2024-12-12,8620.3837890625,8747.09402967935,8601.870148592865,8747.09402967935,599056
2024-12-13,8676.3095703125,8704.77692160806,8563.159597366895,8621.249524045561,243931
2024-12-16,8654.140625,8731.465503114177,8626.875457847631,8717.279726859635,228470
2024-12-17,8554.744140625,8646.110154493395,8512.812324679602,8645.917617149204,456493
2024-12-18,8614.1318359375,8661.738336719469,8463.377916794596,8487.421604058216,303382
2024-12-19,8639.0419921875,8658.613179116774,8427.360793239399,8485.498620387349,516640
2024-12-20,8451.115234375,8719.923645198387,8424.330943719737,8607.63963101724,316335
2024-12-23,8433.03515625,8535.461266239283,8386.342502401361,8511.417578448372,514460
2024-12-24,8442.267578125,8515.312489660655,8397.017545428867,8410.482010625981,297827
2024-12-26,8538.8759765625,8558.25556618081,8461.07022086026,8472.996266657163,240675
2024-12-27,8586.7705078125,8828.025445517966,8555.946686514822,8555.946686514822,713799
2024-12-30,8444.046875,8619.61368546738,8403.316306664417,8586.48129772614,1065253
2024-12-31,8462.03125,8501.60753564521,8405.817859510724,8434.52564694799,294554
2025-01-01,8406.2021484375,8431.640558335157,8223.903092771066,8419.185740035256,558535
2025-01-02,8732.1865234375,8758.922916393762,8345.611923668694,8406.154117308824,734590
2025-01-03,8622.740234375,8761.47231906582,8602.831872162104,8751.902743060386,337802
2025-01-06,8486.3154296875,8746.036097329677,8458.569389578272,8660.488468078134,238306
2025-01-07,8473.2841796875,8547.964251990978,8400.960576702753,8530.700695774332,270785
2025-01-08,8311.662109375,8493.144045608107,8282.569248278805,8440.295834056526,415288
2025-01-09,8497.8564453125,8557.629429337825,8359.605239371018,8386.390471315617,612457
2025-01-10,8428.755859375,8516.274889863718,8311.518452740978,8494.587669600422,350859
2025-01-13,8267.4228515625,8415.195746790609,8223.903772425294,8371.532029829958,341577
2025-01-14,8281.80078125,8365.280281664425,8198.897953689266,8290.26397194152,355464
2025-01-15,8249.87109375,8462.41731801192,8233.809720636387,8294.015685240909,347402
2025-01-16,8253.669921875,8309.40338258406,8222.653562082343,8291.225977441525,290855
2025-01-17,8253.140625,8335.080763144826,8204.956510250056,8238.184699551623,183057
2025-01-20,8217.5556640625,8280.260849311002,8138.980705955213,8271.028449050491,294136
2025-01-21,8144.60693359375,8279.492025939106,8090.31609717564,8254.150353968975,343149
2025-01-22,8137.20166015625,8208.467719564876,8073.870957512255,8156.388712274212,344305
2025-01-23,8078.63134765625,8176.970032540217,8055.261070532475,8116.332038651124,347894
2025-01-24,8080.1220703125,8165.188829256496,8040.209546844313,8092.528989434647,232317
2025-01-27,8063.86767578125,8096.904265778444,7973.222974322567,8057.5684175264905,324406
2025-01-28,8077.14111328125,8164.275066854947,8041.507614686967,8104.1179445971065,651069
2025-01-29,8295.888671875,8470.109594050404,8098.057977402075,8098.057977402075,802600
2025-01-30,8413.1748046875,8486.748490291704,8273.433077257037,8328.685660365822,322587
2025-01-31,8509.349609375,8617.16207102819,8409.568303122463,8463.378265275387,315913
2025-02-01,8805.375,8826.918519596209,8469.436787438719,8547.915946647874,418755
2025-02-03,8585.087890625,8799.99058067976,8546.617986447165,8799.99058067976,667412
2025-02-04,8570.517578125,8713.096653832754,8538.009759245911,8607.640658242153,440468
2025-02-05,8586.2900390625,8624.952480440144,8554.744905610514,8588.40607162472,329075
2025-02-06,8507.9541015625,8618.844332908286,8473.956705195535,8580.710671178591,580590
2025-02-07,8645.5341796875,8680.733765874002,8512.475836802932,8550.46486668904,244178
2025-02-10,8540.8466796875,8722.857396330031,8507.473853180425,8645.533459890637,192650
2025-02-11,8426.8310546875,8537.864984284523,8398.507404787251,8492.229880494251,282926
2025-02-12,8378.359375,8482.036509707417,8316.23086047944,8397.979400220476,411042
2025-02-13,8358.884765625,8441.306724147533,8320.511599275249,8381.678371962766,206920
2025-02-14,8181.10498046875,8389.034974549677,8097.818023957322,8367.203118800697,369356
2025-02-17,8210.5830078125,8224.912481973137,8061.993019741063,8169.083227694399,224417
2025-02-18,8123.49609375,8222.941161372491,8069.494534910061,8184.567060270135,206278
2025-02-19,8155.138671875,8201.49509345468,8083.536376112088,8117.197541689731,200819
2025-02-20,8300.0732421875,8309.498179596201,8136.287835123106,8136.335734655526,188845
2025-02-21,8180.6728515625,8284.493691128615,8126.767087304016,8222.941845733649,222132
2025-02-24,8123.833984375,8163.746509316683,8022.513312354486,8127.248000474469,275998
2025-02-25,8095.89501953125,8144.173994834296,8045.066098349522,8126.766739985127,237383
2025-02-27,7917.44189453125,8092.0958093183,7870.364634749559,8040.305141358684,350992
2025-02-28,7600.5947265625,7919.750749468386,7584.629623085851,7919.750749468386,580155
2025-03-03,7419.68994140625,7692.345376627083,7385.836708812771,7631.419043945565,497052
2025-03-04,7052.783203125,7386.22127045414,7037.154805254573,7359.388607415728,1078953
2025-03-05,7136.455078125,7158.575271529206,7021.718784526242,7051.725495594133,749464
2025-03-06,7176.80029296875,7213.106261149871,7094.7634189332475,7194.833058621624,917093
2025-03-07,7284.9970703125,7332.363135953332,7166.077082680084,7176.800473671006,942308
2025-03-10,7100.966796875,7283.3142270492635,7070.768017597542,7283.3142270492635,495241
2025-03-11,7213.05859375,7228.446554269009,7047.685917705964,7074.1339748480095,412703
2025-03-12,7227.58056640625,7279.46703333974,7145.639958851199,7213.058554428232,529286
2025-03-13,7217.626953125,7256.625628040656,7131.358010923623,7256.625628040656,454776
2025-03-17,7199.68994140625,7319.860483660037,7148.669422552234,7213.106507351238,286383
2025-03-18,7199.68994140625,7199.68994140625,7199.68994140625,7199.68994140625,0
2025-03-19,7426.47021484375,7470.518063617791,7327.794824924504,7380.450501882815,409356
2025-03-20,7617.04052734375,7647.768549130601,7426.614514160156,7439.069332661713,606109
2025-03-21,7759.23486328125,7839.204076062172,7634.351853242734,7664.166026516925,703280
2025-03-24,7814.7275390625,7899.746397316564,7761.302651034551,7807.273995624393,453508
2025-03-25,7699.7509765625,7855.5061819724315,7647.81660824694,7847.860101017987,824076
2025-03-26,7671.95654296875,7739.6155776311,7607.423187871581,7707.781639523518,391366
2025-03-27,7669.26318359375,7731.584705648789,7551.882084741105,7598.767277091212,651971
2025-03-28,7577.46435546875,7717.927389468078,7511.969257047258,7665.512150917481,392400
2025-04-01,7687.2958984375,7740.144112994652,7339.09539342224,7339.09539342224,283618
2025-04-02,7764.1396484375,7774.574233103637,7641.083868280709,7657.433575739585,237191
2025-04-03,7609.5390625,7636.32335576649,7540.100702374065,7636.32335576649,470005
2025-04-04,7391.1259765625,7588.043781727159,7359.532476538503,7578.57047471311,461228
2025-04-07,7027.29638671875,7076.105071937851,6818.164676344881,7020.756691614444,469629
2025-04-08,7211.23095703125,7241.814810576148,7064.756994478252,7102.024711666562,259199
2025-04-09,7282.640625,7339.383729203167,7175.117439113958,7237.583128955199,261256
2025-04-11,7471.67236328125,7482.347854743358,7344.240816052216,7424.210028939817,290737
2025-04-15,7689.65234375,7732.450108654868,7529.040506915999,7693.980207616784,387999
2025-04-16,7656.95263671875,7693.499041315285,7563.663130248648,7693.0181675705935,294161
2025-04-17,7711.29150390625,7746.876161631934,7563.663261719968,7688.209563759861,274331
2025-04-21,7932.01318359375,7958.461242102247,7645.89327791092,7703.59813283855,285132
2025-04-22,7829.5869140625,7873.346428199565,7766.111574874671,7872.865554417839,394636
2025-04-23,7945.4775390625,7977.215208830588,7743.029675844845,7800.734529968642,598686
2025-04-24,7887.7724609375,8009.433524926842,7856.5156658414235,7944.034692110437,322100
2025-04-25,7726.6796875,7943.553756398587,7660.319107659634,7910.373466478404,508224
2025-04-28,7786.30810546875,7823.335385861604,7666.089662634808,7726.679757823114,282481
2025-04-29,7769.4775390625,7856.996565621229,7713.215307703318,7825.258896649382,228383
2025-04-30,7722.8330078125,7768.516017510021,7672.341260252082,7751.685434989882,447067
2025-05-02,7521.3466796875,7776.6906530213055,7504.516097641015,7693.980364107154,379515
2025-05-05,7617.521484375,7659.8383766561055,7549.718281970046,7568.47235923099,250175
2025-05-06,7641.56494140625,7736.297072389639,7607.422904351323,7626.657854804803,270568
2025-05-07,7548.75634765625,7672.821778774565,7512.690815354414,7612.712558271505,459640
2025-05-08,7429.01904296875,7568.472439464376,7376.6038008376345,7550.199235785639,461725
2025-05-09,7388.62548828125,7447.292088318368,7320.822286599007,7328.516266931744,248982
2025-05-12,7731.96923828125,7740.624966018613,7480.472260134531,7501.630705714752,296774
2025-05-13,7754.5703125,7798.8106987551155,7645.8928419167805,7731.9692456088,407395
2025-05-14,7792.5595703125,7894.023937442148,7724.756367633447,7780.537725865859,225717
2025-05-15,8007.51025390625,8045.980156639405,7768.035109392359,7823.816468355434,497959
2025-05-16,8158.02392578125,8170.045770646828,7963.270038958886,8030.592370206123,483122
2025-05-19,8512.427734375,8522.526083850871,8167.1603570571115,8174.854337610157,858221
2025-05-20,8237.3681640625,8511.466229066331,8200.34088159707,8511.466229066331,449936
2025-05-21,8355.181640625,8429.717073965827,8208.996016524281,8278.722712230216,572628
2025-05-22,8399.421875,8439.81527040276,8186.875675380717,8328.73343304517,916615
2025-05-23,8406.6357421875,8499.925259061107,8380.668557078352,8429.717684506742,321989
2025-05-26,8615.8154296875,8635.050380694225,8434.526016449112,8448.471355928988,440577
2025-05-27,8620.1435546875,8660.056079235032,8560.034330971337,8602.832098257244,401273
2025-05-28,8510.50390625,8662.460016227116,8439.334588918946,8646.110308191604,312080
2025-05-29,8535.0283203125,8598.022782533522,8465.301625487704,8566.285114544306,330341
2025-05-30,8277.76171875,8525.892603313438,8256.603271229087,8450.876289375654,1434828
2025-06-02,8187.83740234375,8291.706133118769,8093.1052728869045,8291.706133118769,457251
2025-06-03,8235.4443359375,8271.0289955696,8165.23676423092,8187.356958056281,566074
2025-06-04,8235.92578125,8309.980348326108,8200.821992960677,8223.423062133255,431009
2025-06-05,8230.154296875,8284.493031058282,8183.990416506902,8284.493031058282,381642
2025-06-06,8306.61328125,8352.777161937738,8214.285519874522,8278.72260333449,435024
2025-06-09,8310.4599609375,8372.011799555716,8270.547440583501,8347.968112595476,443544
2025-06-10,8296.0341796875,8332.58058576542,8246.023308212454,8314.30738272646,350288
2025-06-11,8385.4765625,8434.525685643423,8280.646083624843,8305.170645196553,462124
2025-06-12,8239.291015625,8421.061297164993,8213.323832547858,8398.460230412666,368162
2025-06-13,8139.75048828125,8160.908934638216,8030.592140030535,8136.3843718153685,250910
2025-06-16,8203.2255859375,8266.22004937368,8127.72840456742,8161.870442002297,203598
2025-06-17,8169.564453125,8226.78843157705,8131.575425413135,8165.236589208459,286217
2025-06-18,8144.078125,8326.329282851619,8117.630067791982,8179.662783788971,561114
2025-06-19,8171.0068359375,8227.749938964844,8128.209071789757,8155.618875794491,332303
2025-06-20,8254.8271484375,8286.383052003383,8135.506388079008,8199.604317197205,567646
2025-06-23,8171.5,8212.917124238218,8140.4371568213355,8160.159596934774,271619
2025-06-24,8260.744140625,8307.584936456406,8215.8755888286,8246.938432379953,214129
2025-06-25,8273.0703125,8319.91110633083,8254.82705595536,8290.327447069254,276176
2025-06-26,8315.966796875,8347.522700764483,8244.966013123665,8253.841111092583,371685
2025-06-27,8318.92578125,8388.94044820931,8297.231095713312,8350.481687485182,504248
2025-06-30,8259.7578125,8378.092451647564,8243.979860613657,8352.45327983226,303799
2025-07-01,8282.4384765625,8292.299696322665,8184.812400936868,8253.840939258022,363782
2025-07-02,8240.5283203125,8292.792785217252,8199.111197180431,8234.118527446823,267604
2025-07-03,8266.16796875,8347.029975721369,8234.119002572324,8261.730419586938,175619
2025-07-04,8315.966796875,8332.730870816287,8248.417440111578,8265.674575051138,183720
2025-07-07,8346.0439453125,8366.259447277278,8287.369683512288,8315.967222877096,123117
2025-07-08,8223.7646484375,8356.398061137883,8175.937730103162,8345.55071883525,253579
2025-07-09,8244.9658203125,8259.757649914782,8195.166660651481,8234.11847860416,157280
2025-07-10,8170.02099609375,8277.508297068309,8153.256921629828,8277.508297068309,229552
2025-07-11,7955.04638671875,8184.812818862728,7933.844763151817,8170.514049480377,539579
2025-07-14,7975.26171875,8007.310683925812,7923.983374468702,7977.727023763524,248351
2025-07-15,8195.66015625,8210.451986636686,7977.727188552822,8015.199825532427,366546
2025-07-16,8187.27783203125,8229.188016657727,8070.9154370683245,8195.659868956545,275493
2025-07-17,8214.396484375,8239.049535048394,8147.833247556835,8163.611199987808,249880
2025-07-18,8231.6533203125,8248.910455155923,8189.74313569276,8189.74313569276,268313
2025-07-21,8321.390625,8332.731028174438,8190.729457990164,8190.729457990164,253964
2025-07-22,8179.88232421875,8352.453681269779,8162.132127493502,8352.453681269779,302466
2025-07-23,8280.466796875,8288.35577322072,8175.44479927262,8198.125606266562,194644
2025-07-24,8173.47216796875,8317.93904045562,8161.145643012533,8292.792929544936,298692
2025-07-25,7963.42822265625,8165.090171951428,7932.858440611504,8160.1595619442105,554118
2025-07-28,7977.23388671875,8044.783243445399,7962.935117776612,7963.428178774617,232171
2025-07-29,8014.70654296875,8032.949799941364,7944.198820074593,7977.233907025002,209998
2025-07-30,7931.87255859375,8019.637419377594,7913.629301015086,7978.22029406387,222804
2025-07-31,7896.865234375,7981.671729149756,7820.440776874492,7879.115037794237,297025
2025-08-01,7932.8583984375,7978.713071260838,7841.149052790824,7896.86494557617,329818
2025-08-04,8073.8740234375,8091.131158754771,7932.858574844942,7932.858574844942,221221
2025-08-05,8116.27734375,8122.194075912384,8017.172080030071,8062.533693275013,194083
2025-08-06,8064.9990234375,8154.243067164479,8007.310884674757,8154.243067164479,515934
2025-08-07,8114.7978515625,8134.52029135242,7749.439654454236,7958.004455232638,456168
2025-08-08,8109.8671875,8162.13165259454,8071.4084301662815,8114.79779741458,282679
2025-08-11,8160.15966796875,8184.812718325151,8019.637280937264,8120.714787398509,180274
2025-08-12,8082.7490234375,8206.014274206693,8066.478010335967,8160.65266192363,184529
2025-08-13,8134.02734375,8194.180785947825,8075.353084557041,8100.499195639738,367519
2025-08-14,8099.51318359375,8165.090297699671,8084.228292335979,8135.5066372007595,364270
2025-08-18,8469.30859375,8509.73959477972,8283.424601210922,8283.424601210922,995976
2025-08-19,8673.4365234375,8733.09690768717,8466.843953184512,8489.524760419923,1052384
2025-08-20,8704.9921875,8749.367678685217,8641.88037781436,8672.45016063084,490202
2025-08-21,8563.9765625,8745.916072636594,8510.232913164258,8712.38792442714,510564
2025-08-22,8559.0458984375,8594.0532294352,8461.912881443883,8563.976508437176,369875
2025-08-25,8629.060546875,8642.373193853207,8513.68427306386,8628.567485875807,360880
2025-08-26,8570.8798828125,8702.527177796734,8526.011329091281,8608.84558211507,778390
2025-08-28,8568.9072265625,8675.90146490556,8540.802749209714,8675.90146490556,394657
2025-08-29,8511.7119140625,8608.844929591105,8452.544594958781,8593.066977830113,344340
2025-09-01,8842.5556640625,8912.077262625722,8544.746830500899,8544.746830500899,658701
2025-09-02,8905.1748046875,8983.07844341961,8802.125054719078,8845.514423126835,548186
2025-09-03,8989.48828125,9002.80092844141,8867.209151491883,8926.376472342585,322758
2025-09-04,8945.1123046875,9223.691758559644,8920.95231665257,9220.240331697512,652617
2025-09-05,8958.42578125,9044.711460798613,8927.362936612499,8990.474747939485,231190
2025-09-08,9302.58203125,9358.297925113957,8947.085044737505,8975.682583180951,713087
2025-09-09,9252.783203125,9297.651756438672,9108.316322675484,9260.179118506376,505482
2025-09-10,9115.7119140625,9308.991829159455,9052.60010505125,9294.199998922442,454231
2025-09-11,8987.0234375,9115.219305923218,8949.057738005431,9115.219305923218,472941
2025-09-12,8874.60546875,9077.25355184663,8854.883027572712,8988.502566548836,481492
2025-09-15,8899.7509765625,8965.328089021381,8839.597535058863,8901.230159550294,325549
2025-09-16,8946.591796875,8972.72402973443,8894.820392153486,8906.653856089832,219134
2025-09-17,8957.9326171875,9009.210963300859,8944.126908618518,8950.53670188269,172732
2025-09-18,8949.0576171875,8988.50249924673,8899.751514613465,8973.217607448778,183574
2025-09-19,8846.9931640625,8937.716384381705,8826.284602902682,8924.403737921823,467648
2025-09-22,8928.841796875,9067.391940169598,8835.160205323493,8846.993669519472,525239
2025-09-23,8859.8134765625,9096.975827401531,8825.79226615108,8953.002009428565,451186
2025-09-24,8716.33203125,8874.111545335305,8681.81776254384,8865.236447668005,240914
2025-09-25,8719.7841796875,8786.347417700383,8636.45686691582,8698.582555727842,441002
2025-09-26,8581.2333984375,8756.763109414502,8547.705251396948,8707.457010825457,335841
2025-09-29,8596.5185546875,8706.47115793931,8555.101430592647,8623.636909749606,394174
2025-09-30,8558.0595703125,8647.303609157148,8520.093874229418,8599.969754300319,285609
2025-10-01,8506.78125,8723.728085332985,8467.336370848549,8598.983655016518,551282
2025-10-03,8559.0458984375,8577.782216436268,8373.654962449684,8506.781432440936,915075
2025-10-06,8669.984375,8681.324777674306,8530.941176993289,8577.288909662193,300715
2025-10-07,8780.4306640625,8791.278006527087,8663.575202057626,8677.873971670037,490577
2025-10-08,8669.984375,8779.443913856347,8629.06031317533,8779.443913856347,408647
2025-10-09,8687.7353515625,8695.131267015022,8580.741108016015,8653.22107945073,217161
2025-10-10,8822.3408203125,8830.722857642479,8659.630683907028,8693.651894246354,228686
2025-10-13,8940.1826171875,8957.932814309646,8793.250429898624,8822.834091768867,374531
2025-10-14,8976.17578125,8993.432916781105,8907.147239125585,8973.710476174128,297332
2025-10-15,8873.1259765625,9052.600185023755,8831.215790520722,8980.120216222094,300055
2025-10-16,9024.4951171875,9049.64122716819,8896.792323363998,8904.681299044214,334619
2025-10-17,9023.509765625,9066.899135570631,8964.342442971867,9023.016704602891,466036
2025-10-20,8997.8701171875,9108.315780306028,8974.203189376387,9066.89865663658,303686
2025-10-21,8991.4609375,9037.808674291236,8954.974421302642,9032.385002964602,27642
2025-10-23,8921.4462890625,9029.919715811353,8891.862627221904,9009.211152522936,249420
2025-10-24,8950.5361328125,8972.72387731625,8886.931265235085,8944.126339955861,332130
2025-10-27,8969.2724609375,8988.501839530021,8929.334520783801,8973.216948853915,310061
2025-10-28,8931.7998046875,9003.293648004072,8893.834108581459,8973.709988700663,459991
2025-10-29,8908.6259765625,8963.848807499793,8835.652949966792,8963.848807499793,226605
2025-10-30,8799.1669921875,8939.19632233326,8780.92373438682,8908.62653899158,250532
2025-10-31,8769.08984375,8925.39018001476,8679.845803169806,8815.437577531979,261013
2025-11-03,8798.673828125,8833.188099235605,8732.110590983119,8776.486082411038,206987
2025-11-04,8629.5537109375,8796.208330655068,8592.0810745513,8796.208330655068,517334
2025-11-06,8599.4765625,8698.088758618342,8581.726367198698,8633.497770160828,326774
2025-11-07,8600.462890625,8628.074306200017,8485.579679393239,8598.983707647767,290120
2025-11-10,8650.2626953125,8715.346751159585,8564.963137270488,8672.94350265315,992874
2025-11-11,8771.5556640625,8820.86176672727,8604.901037055579,8696.61038801205,380748
2025-11-12,8744.9296875,8810.99985992473,8677.873393098782,8810.99985992473,439922
2025-11-13,8744.4365234375,8772.047938453712,8719.29041333345,8764.652023717226,276001
2025-11-14,8720.27734375,8744.437334129043,8659.630837288321,8744.437334129043,550371
2025-11-17,8821.3544921875,8899.751192442254,8727.179839680215,8727.179839680215,457995
2025-11-18,8797.1943359375,8874.111851709624,8776.485773998851,8850.937984778278,276172
2025-11-19,8761.201171875,8850.445215552718,8740.492609253652,8825.792164813018,326292
2025-11-20,8854.8828125,8880.028924390279,8766.6248903753,8800.153039562338,189991
2025-11-21,8768.5966796875,8833.187669624469,8739.013020174385,8825.791754746191,320271
2025-11-24,8882.494140625,8923.418204664515,8734.575836867714,8781.41663305752,466198
2025-11-25,8922.431640625,9018.08547231605,8876.083907743769,8899.750835172483,482151
2025-11-26,9036.822265625,9052.600218074804,8902.709669801668,8928.3488425326,354143
2025-11-27,8897.2861328125,9126.066446784514,8871.153898673454,9066.406063184053,602295
2025-11-28,8947.578125,8979.627090565935,8798.180639361879,8905.667939259933,432445
2025-12-01,8969.765625,9061.968031105705,8929.827684387368,9002.307650684366,449503
2025-12-02,8959.4111328125,9015.12702395816,8863.264241012464,8973.709901336608,319833
2025-12-03,8875.5908203125,8978.640566518006,8825.79166066295,8959.411188039467,412081
2025-12-04,8958.9189453125,8968.780165945756,8863.265105169923,8880.029180246458,275604
2025-12-05,8982.5849609375,9003.293522160433,8919.966216287206,8928.348252972679,279893
2025-12-08,8900.7373046875,8997.870323135508,8832.20182466581,8988.502163995852,299426
2025-12-09,8836.6396484375,8909.119618771185,8756.763762763641,8865.237187752831,373015
2025-12-10,8866.22265625,8876.576936963005,8780.430044627961,8836.638997069987,307300
2025-12-11,8927.85546875,8957.932189553763,8836.639184345142,8866.222844152124,136142
2025-12-12,8889.8896484375,8963.355735937066,8835.652939545202,8939.195747430498,356060
2025-12-15,8815.9306640625,8917.00816887977,8760.707832162332,8914.542863884228,507849
2025-12-16,8882.9873046875,8902.709745417269,8767.611026418357,8815.931006206289,278902
2025-12-17,8771.5556640625,8883.973578138175,8736.055270143866,8882.98745608488,256364
2025-12-18,8708.443359375,8767.61067922128,8613.77564762095,8767.61067922128,338487
2025-12-19,8877.0703125,8885.945410568485,8704.498961168352,8707.950388194984,215196
2025-12-22,9036.822265625,9057.530828215367,8872.63294794423,8884.95947329564,377385
2025-12-23,8972.724609375,9056.54498433894,8953.988290265414,9056.54498433894,215559
2025-12-24,9042.7392578125,9066.899248195969,8944.12705216569,8973.710713859733,167717
2025-12-26,8938.703125,9058.023890417287,8926.376599646974,9055.06552433256,105815
2025-12-29,8960.890625,9000.33550504842,8929.827781961869,8943.633489978816,263943
2025-12-30,9153.1845703125,9169.948644617101,8900.244272716598,8960.89077681854,464922
2025-12-31,9213.337890625,9267.574600887696,9167.483217402902,9190.657084515145,319864
2026-01-01,9425.3544921875,9451.97978736317,9189.178262758864,9235.032937783631,306936
2026-01-02,9370.6240234375,9499.312940570739,9181.288605126529,9417.464817030057,733651
2026-01-05,9365.693359375,9549.605105784416,9333.644395523494,9387.88110357989,304245
2026-01-06,9526.9248046875,9647.724751750353,9410.562406700426,9442.118311239294,503002
2026-01-07,9653.6416015625,9670.898737067617,9474.660453323715,9533.827775055544,334802
2026-01-08,9625.0439453125,9750.77450245889,9590.036613714878,9663.502703969043,534086
2026-01-09,9429.7919921875,9693.57963745915,9405.632002246732,9625.044155790441,250994
2026-01-12,9359.2841796875,9455.431077540154,9230.102193854704,9429.791904779446,332453
2026-01-13,9421.41015625,9443.597902588248,9327.235499569879,9374.07629739507,229215
2026-01-14,9446.5556640625,9476.632384951263,9362.242233374329,9443.104237075266,335206
2026-01-15,9446.5556640625,9446.5556640625,9446.5556640625,9446.5556640625,0
2026-01-16,9357.3115234375,9483.042076629436,9259.192385848499,9407.603744714275,528450
2026-01-19,9298.6376953125,9357.311956182228,9263.137302181236,9357.311956182228,403445
2026-01-20,9052.599609375,9336.602734375,9027.946560329861,9336.602734375,385253
2026-01-21,9051.6142578125,9126.559533288451,8946.099198918728,9023.016718486151,323092
2026-01-22,9239.962890625,9261.164513052794,9058.023386535318,9096.975204484059,193757
2026-01-23,9282.859375,9415.492782971265,9205.448798600413,9259.685508179742,204212
2026-01-27,9360.2705078125,9374.076216526088,9200.51873555527,9291.241964244562,302065
2026-01-28,9302.58203125,9401.194232779126,9121.628641444056,9368.159145266869,342407
2026-01-29,9379.9921875,9400.700748889562,9251.303270293445,9343.505674575537,390096
2026-01-30,9464.3056640625,9492.410140376725,9252.289439235885,9365.200405480757,283660
2026-02-02,9364.7080078125,9390.840242025844,9122.121984548994,9323.290881889463,327240
2026-02-03,9462.333984375,9803.039147378655,9382.9511605782,9795.150171100711,573385
2026-02-04,9505.23046875,9590.036965306956,9397.250103947828,9460.854976365546,201083
2026-02-05,9513.119140625,9544.675045310394,9466.771405618327,9506.21628647507,155663
2026-02-06,9386.40234375,9533.827584112518,9340.05460932165,9486.493727675053,198790
2026-02-09,9456.91015625,9492.903609920817,9373.089784687827,9464.79913239703,171033
2026-02-10,9638.3564453125,9697.030704417892,9449.5140819733,9471.701827013154,347018
2026-02-11,9732.53125,9768.03164262374,9660.051281726532,9681.745966107706,324008
2026-02-12,9703.4404296875,9792.191409227325,9673.363708843448,9739.433882500874,372062
2026-02-13,9624.55078125,9763.100923131724,9585.105900998975,9664.488722504162,120688
2026-02-16,9562.91796875,9638.84936174755,9509.174320459526,9575.244493587265,88321
2026-02-17,9690.1279296875,9732.038115105677,9498.820259778644,9517.063516960674,159113
2026-02-18,9841.498046875,9870.095586289766,9668.43362731322,9690.128312386492,334455
2026-02-19,9593.9814453125,9919.894783546211,9566.370027852457,9852.345422974322,310761
2026-02-20,9670.8984375,9686.676389473081,9536.292784729658,9590.036433637963,291070
2026-02-23,9768.03125,9792.191238453384,9677.80108904144,9714.28760221594,145464
2026-02-24,9692.5927734375,9737.954383731338,9525.938161705793,9737.954383731338,259761
2026-02-25,9956.8740234375,10018.99971061949,9702.947603606346,9722.670043981581,334366
2026-02-26,9969.693359375,10045.624752913267,9890.31053885772,10005.686812156126,177814
2026-02-27,9834.1015625,9951.450079515542,9802.052597768865,9932.713761672725,231926
2026-03-02,9640.3291015625,9803.532299834656,9432.25735029105,9590.529938343505,330330
2026-03-04,9518.54296875,9569.821314709596,9384.430371624903,9384.430371624903,319652
2026-03-05,9668.43359375,9716.260512950048,9507.202639333342,9540.237727852964,300749
2026-03-06,9679.7734375,9747.322793700972,9555.522066969743,9644.273045919927,386552
2026-03-09,9252.783203125,9511.64024147311,9221.227297497802,9466.771688159437,334501
2026-03-10,9476.6328125,9503.75116862318,9219.254959840011,9318.36022494472,463535
2026-03-11,9198.052734375,9531.8550233684,9141.350720735058,9442.117923520838,489382
2026-03-12,9034.849609375,9151.212003383542,8953.987606758896,9151.212003383542,390062
2026-03-13,8751.8330078125,8992.939843915054,8709.922821577906,8949.057413622359,435631
2026-03-16,8947.0849609375,8977.161682122178,8621.171637936304,8742.957705684103,580318
2026-03-17,8983.5712890625,9121.628367050289,8881.5076635501,8973.71006920623,245258
2026-03-18,9142.3369140625,9159.100987791231,9009.703507208718,9023.016153993298,247437
2026-03-19,8745.4228515625,9023.01619121575,8688.720837246117,8987.022738649697,288162
2026-03-20,8925.390625,8983.571825627003,8807.549040679207,8833.18821383687,356410
2026-03-23,8654.20703125,8864.744086989731,8630.540102267549,8864.744086989731,375189
2026-03-24,8774.513671875,8897.285862496314,8669.984738494606,8776.485915901045,438132
2026-03-25,8922.9248046875,9022.52312543386,8856.361570525329,8894.82032804125,438761
2026-03-27,8777.4716796875,8879.042242883525,8717.318239348107,8846.993278768274,326675
2026-03-30,8659.630859375,8765.63898069628,8623.637404228706,8687.735338050874,325094
2026-04-01,8772.048828125,9042.739334934096,8746.902715470604,8868.688790483075,416423
2026-04-02,8636.94921875,8712.880609952119,8504.31581463721,8712.880609952119,254975
2026-04-06,8818.396484375,8859.8136107204,8633.49859890446,8656.672467216767,313792
2026-04-07,8923.9111328125,8961.876830211613,8678.366752231219,8776.485892262694,376810
2026-04-08,9236.0185546875,9369.145023284853,9133.461867768057,9235.03243269789,474100
2026-04-09,9384.9228515625,9491.424025038254,9236.01843309177,9323.783289011604,539407
2026-04-10,9677.30859375,9707.385315827687,9269.054071121733,9269.5471321394,738971
2026-04-13,9679.7734375,9714.287707091738,9565.383286853097,9566.8624698356,363886
2026-04-15,9728.09375,9837.553294475418,9693.579479219463,9764.08720381399,551624
2026-04-16,9688.6484375,9780.850842477736,9610.744801208652,9734.01004850509,479220
2026-04-17,9637.86328125,9693.579173754284,9587.077998701847,9673.856733929759,264575
2026-04-20,9666.9541015625,9725.628361385307,9555.52231399986,9637.863502154554,349985
2026-04-21,9657.0927734375,9736.968655664441,9605.81442929181,9666.953993465517,291287
2026-04-22,9468.7431640625,9654.627155566955,9451.97909055812,9634.904716150038,301870
2026-04-23,9417.9580078125,9457.89594816289,9345.47804199142,9442.117996419527,444028
2026-04-24,9443.1044921875,9528.89710818795,9395.770635083803,9466.77142073935,190469
2026-04-27,9527.9111328125,9580.175600835586,9483.535641094784,9508.681753068156,147736
2026-04-28,9363.7216796875,9528.40405770949,9343.506178193782,9488.466115734098,256811
2026-04-29,9411.0556640625,9574.751922273259,9364.214867285325,9378.020575809125,261656
2026-04-30,9855.3037109375,9905.595935197838,9225.171724616801,9382.951251708057,1209264
2026-05-01,9855.3037109375,9855.3037109375,9855.3037109375,9855.3037109375,0
2026-05-04,9991.388671875,10332.09384223947,9927.290738231903,10101.834342152339,721598
2026-05-05,9906.58203125,10033.79177463356,9876.99836999801,9990.402404797307,233441
2026-05-06,10175.79296875,10245.807631099186,10000.263251874576,10038.722010066382,393486
2026-05-07,10457.82421875,10590.950693953324,10181.216986938649,10435.143411863508,1498254
2026-05-08,10562.845703125,10635.32566943968,10393.725781724082,10477.546150931534,375627
2026-05-11,10448.4560546875,10502.199705763946,10365.12874246806,10451.90748182085,256703
2026-05-12,10252.7109375,10536.221026422887,10222.14115399875,10403.587610909397,409439
2026-05-13,10119.583984375,10309.905530758197,10078.166860291609,10226.578221590424,367905
2026-05-14,10305.9609375,10371.044988966367,10109.229600113027,10235.94627607406,426187
2026-05-15,10233.4814453125,10394.21933744316,10153.112499247169,10354.281394919899,227162
2026-05-18,10056.9658203125,10182.696382855016,10003.715229118023,10181.710260795859,295753
2026-05-19,10063.375,10142.264759921607,10002.235436060755,10056.96520700637,151592
2026-05-20,10317.3017578125,10337.517259464606,9938.630897597446,10017.027599126344,379649
2026-05-21,10518.9638671875,10586.020166331473,10347.871692165749,10398.163916523727,522986
2026-05-22,10403.09375,10603.769571425186,10390.767225342433,10518.963081781127,207805
2026-05-25,10345.40625,10620.53429725479,10286.238928009723,10551.5057549328,564521
2026-05-26,10445.990234375,10493.817150863926,10303.988667892418,10383.86454903887,559535
2026-05-27,10658.5,10683.64611185641,10433.171115325902,10477.546606837212,317630
2026-05-28,10658.5,10658.5,10658.5,10658.5,0
2026-05-29,10460.0,10750.0,10388.5,10650.0,483158
2026-06-01,10376.0,10619.0,10340.0,10500.0,426434
2026-06-02,10281.0,10433.0,10260.0,10305.0,404046
2026-06-03,10259.0,10415.0,10202.0,10281.0,355015
2026-06-04,10362.0,10452.0,10178.0,10240.0,539031
2026-06-05,10342.0,10446.0,10317.0,10394.0,247150
2026-06-08,10231.0,10305.0,10171.0,10251.0,127982
2026-06-09,10184.0,10344.0,10150.0,10280.0,313286
2026-06-10,10144.0,10293.0,10124.0,10229.0,293698
2026-06-11,10114.0,10255.0,10081.0,10127.0,191419
2026-06-12,10063.0,10250.0,9922.0,10226.0,386190
2026-06-15,9943.0,10178.0,9930.0,10164.0,400018
2026-06-16,9939.0,9993.0,9902.0,9992.0,203949
2026-06-17,10042.0,10074.0,9932.0,9980.0,302387
2026-06-18,10077.0,10100.0,10001.0,10049.0,219879
2026-06-19,10066.0,10134.0,9936.0,10134.0,739358
2026-06-22,10191.0,10268.0,10088.0,10116.0,834191
2026-06-23,10025.0,10259.0,9949.0,10249.0,551711
2026-06-24,9750.0,9910.0,9732.0,9838.0,426013
2026-06-25,9843.0,9930.0,9769.0,9775.0,352943
2026-06-26,9843.0,9843.0,9843.0,9843.0,0
2026-06-29,9630.0,9893.0,9605.0,9874.0,515976
2026-06-30,9716.0,9750.0,9501.0,9665.0,430959
2026-07-01,9842.0,9900.0,9762.0,9762.0,200437
2026-07-02,9738.0,9998.0,9716.0,9975.0,154862
